source_community,target_community,weight
1,32,5
1,209,1
1,351,1
1,480,4
1,491,4
1,741,5
2,24,1
2,32,5
3,32,1
3,491,1
4,71,10
4,420,1
4,466,1
4,469,1
4,491,5
4,688,1
4,700,1
4,736,1
4,741,27
4,775,1
5,32,11
5,39,1
5,71,4
5,100,2
5,209,2
5,256,1
5,419,2
5,420,1
5,480,9
5,491,3
5,644,3
5,731,1
5,741,14
6,326,1
6,420,1
6,433,1
6,480,1
6,491,1
6,688,1
6,741,11
7,43,1
7,209,1
7,332,1
7,480,1
7,592,2
7,688,1
7,741,6
13,649,1
15,741,1
19,491,3
19,699,3
20,6,1
20,70,1
20,71,2
20,491,1
20,741,4
21,491,2
21,699,1
21,741,4
22,32,3
22,100,1
22,209,1
22,416,1
22,419,1
22,491,30
22,741,69
23,32,1
24,32,9
24,39,2
24,209,2
24,298,3
24,351,1
24,741,8
25,24,1
25,32,8
25,39,1
25,209,1
25,312,1
25,351,1
25,363,9
25,480,4
25,491,10
25,633,2
25,699,1
25,737,4
25,741,26
27,701,1
28,5,1
28,32,1
28,741,1
29,480,1
29,491,5
29,688,3
29,692,2
29,699,1
29,741,6
30,32,4
30,209,1
30,416,1
30,480,1
30,491,3
30,699,4
30,741,14
32,1,2
32,2,5
32,5,3
32,22,2
32,24,12
32,25,5
32,39,33
32,43,1
32,57,1
32,100,2
32,112,3
32,209,22
32,263,2
32,298,6
32,332,1
32,351,8
32,360,1
32,416,3
32,480,47
32,491,61
32,496,8
32,592,3
32,626,3
32,629,1
32,657,1
32,671,1
32,688,1
32,699,6
32,735,1
32,741,242
32,768,1
32,775,13
34,491,1
34,741,1
36,71,2
36,491,6
36,592,1
36,688,3
36,741,7
38,89,1
38,153,1
38,160,1
38,255,2
38,344,1
38,363,10
38,396,1
38,466,1
38,491,32
38,669,1
38,671,6
38,699,3
38,701,1
38,729,1
38,737,1
38,741,45
38,780,2
39,32,4
39,112,1
39,298,1
39,480,2
39,491,1
39,652,2
39,741,5
43,32,3
43,39,4
43,71,2
43,209,2
43,254,1
43,447,1
43,480,6
43,491,62
43,576,2
43,688,3
43,692,1
43,699,3
43,741,59
44,94,2
45,32,1
45,491,2
45,741,3
45,746,1
47,32,3
47,115,2
47,179,1
47,491,29
47,699,13
47,701,1
47,729,2
47,740,1
47,741,26
48,133,1
48,418,1
51,310,1
57,32,6
57,43,2
57,298,2
57,331,1
57,351,1
57,418,1
57,420,1
57,480,4
57,491,2
57,688,1
57,741,20
60,741,1
61,688,1
61,741,2
62,765,1
69,209,1
69,298,1
69,480,1
69,741,1
70,144,1
70,196,1
70,469,1
70,688,3
70,741,4
71,4,2
71,5,3
71,32,5
71,43,1
71,70,1
71,82,1
71,100,21
71,102,1
71,113,1
71,116,1
71,144,4
71,160,1
71,181,1
71,186,1
71,199,3
71,207,1
71,209,18
71,224,1
71,247,8
71,256,4
71,263,1
71,264,5
71,273,1
71,298,2
71,310,1
71,311,2
71,332,5
71,336,1
71,363,2
71,396,3
71,400,1
71,418,10
71,419,56
71,420,7
71,429,1
71,433,2
71,447,5
71,466,11
71,469,1
71,471,2
71,480,20
71,491,62
71,496,2
71,589,1
71,592,5
71,597,1
71,602,1
71,614,9
71,621,1
71,622,5
71,626,1
71,629,1
71,671,1
71,678,1
71,688,18
71,692,2
71,696,1
71,699,15
71,701,2
71,713,2
71,731,2
71,736,2
71,741,640
71,796,1
72,32,1
72,71,2
72,100,1
72,113,1
72,209,3
72,263,1
72,419,1
72,447,1
72,480,2
72,491,5
72,688,1
72,741,42
77,63,1
78,741,1
79,29,1
79,36,1
79,363,1
79,491,9
79,671,1
79,737,3
79,741,4
80,498,1
81,32,2
81,491,3
81,741,4
81,768,1
86,418,1
86,688,1
86,741,1
89,179,1
89,351,1
89,491,6
89,699,2
89,741,5
90,491,2
90,741,4
93,480,1
93,741,3
94,44,1
94,553,1
94,561,2
94,566,1
94,574,6
97,300,1
99,22,1
99,32,1
99,100,1
99,298,1
99,597,1
99,741,8
100,25,1
100,70,1
100,71,5
100,99,3
100,325,2
100,419,4
100,420,1
100,486,1
100,491,21
100,546,1
100,669,8
100,671,2
100,678,1
100,699,2
100,741,69
101,38,1
101,71,1
101,420,6
101,433,1
101,491,1
101,741,7
102,71,2
103,741,1
105,741,2
108,5,1
108,32,2
108,71,1
108,383,1
108,419,1
108,447,1
108,480,5
108,491,2
108,622,1
108,629,1
108,633,1
108,644,1
108,713,1
108,741,22
110,160,1
110,629,1
110,676,2
110,688,1
110,741,1
111,71,1
111,363,1
111,471,1
111,491,1
111,688,13
111,691,1
111,692,7
111,731,1
111,741,11
112,24,1
112,25,1
112,32,5
112,39,1
112,741,1
113,32,3
113,71,1
113,100,2
113,416,1
113,480,1
113,597,1
113,741,16
115,491,3
115,741,2
116,614,1
120,209,1
120,309,1
120,491,1
120,741,3
122,724,1
125,144,1
125,337,1
125,396,1
125,501,1
125,602,1
125,741,1
126,32,2
126,209,1
126,310,1
126,418,1
126,480,2
126,614,1
126,741,2
127,156,1
135,741,5
137,144,1
137,160,1
137,186,1
137,396,1
137,501,2
137,741,4
139,310,1
139,614,3
139,678,1
144,71,4
144,137,1
144,419,1
144,480,1
144,741,6
145,71,4
145,420,1
145,449,1
145,629,1
146,741,7
147,71,1
147,688,1
147,741,2
153,363,1
153,741,4
155,320,1
157,70,1
157,71,1
157,480,1
157,491,5
157,589,1
157,688,2
157,741,10
158,22,1
158,32,8
158,71,1
158,100,2
158,101,1
158,209,3
158,224,1
158,263,1
158,325,1
158,418,3
158,420,17
158,433,1
158,480,7
158,491,11
158,496,1
158,614,1
158,629,1
158,688,1
158,701,1
158,741,62
159,22,1
159,196,1
159,433,1
159,491,3
159,496,1
159,499,1
159,740,1
159,741,9
159,775,1
160,25,1
160,32,1
160,71,3
160,209,3
160,247,2
160,332,2
160,351,1
160,396,1
160,480,2
160,491,12
160,496,1
160,526,1
160,592,1
160,671,1
160,686,2
160,741,58
163,491,2
163,496,1
163,741,3
166,604,1
167,741,7
172,71,3
172,160,1
172,247,1
172,332,1
172,394,1
172,447,1
172,466,1
172,491,1
172,602,1
172,741,8
173,32,1
173,71,1
173,480,1
173,491,1
173,741,1
173,775,1
175,100,1
175,546,1
175,741,1
179,491,7
179,496,1
179,699,1
179,741,1
180,363,3
180,741,6
181,22,2
181,100,4
181,256,1
181,480,1
181,491,6
181,626,2
181,688,2
181,731,1
181,741,39
182,71,1
182,160,1
182,396,1
182,491,7
182,688,1
182,741,18
182,767,1
183,491,1
183,741,4
184,76,1
185,491,3
185,741,1
186,144,1
186,741,2
187,32,2
187,39,1
187,491,2
187,496,1
187,740,1
187,741,1
189,420,1
189,491,3
189,741,15
194,47,1
194,491,2
194,729,1
194,741,2
195,491,1
196,626,1
196,688,1
196,699,1
196,741,3
197,4,1
197,71,1
197,144,1
197,186,1
197,224,1
197,438,1
197,602,1
197,741,3
198,24,1
198,32,4
198,39,2
198,112,1
198,298,1
198,741,4
199,71,9
199,419,2
199,741,6
200,71,18
200,100,1
200,209,1
200,419,1
200,447,1
200,491,1
200,741,8
201,741,1
202,741,1
203,43,1
203,741,3
204,4,1
204,741,1
206,592,1
206,741,1
207,32,1
207,741,3
209,22,2
209,24,1
209,25,1
209,32,25
209,39,3
209,43,2
209,100,1
209,179,1
209,263,1
209,298,3
209,332,3
209,351,3
209,384,1
209,416,4
209,418,1
209,419,3
209,420,1
209,480,29
209,491,24
209,496,4
209,592,1
209,626,1
209,629,2
209,671,2
209,688,1
209,699,3
209,700,2
209,712,1
209,741,139
209,775,1
212,38,1
212,491,3
213,32,1
213,150,1
213,194,1
213,209,1
213,212,1
213,298,1
213,491,3
213,498,1
213,699,1
213,729,1
213,741,8
214,71,1
214,662,1
214,736,1
217,741,1
220,4,1
220,70,1
220,71,4
220,731,1
220,741,3
221,71,6
221,209,1
221,420,1
223,320,2
223,509,1
224,160,3
224,741,2
230,335,1
231,39,2
231,447,1
231,480,5
231,491,7
231,671,2
231,699,9
231,740,1
231,741,19
232,233,1
235,491,1
235,592,1
235,741,2
236,480,1
236,491,16
236,496,2
236,671,1
236,740,4
236,741,8
236,746,1
247,43,1
247,71,3
247,72,1
247,209,1
247,332,6
247,378,1
247,396,1
247,419,1
247,480,3
247,491,4
247,592,1
247,622,1
247,699,3
247,736,1
247,741,45
249,298,1
249,741,2
249,768,1
253,741,1
254,381,1
254,592,1
254,741,3
255,25,1
255,47,1
255,363,12
255,491,2
255,669,1
255,672,1
255,741,43
256,32,3
256,39,1
256,43,2
256,71,1
256,100,1
256,263,1
256,298,1
256,396,2
256,416,1
256,480,1
256,491,6
256,501,1
256,688,2
256,699,3
256,741,37
257,776,1
258,25,1
258,39,2
259,32,2
259,39,1
259,480,4
259,741,3
262,71,2
262,209,1
262,264,1
262,273,1
262,469,1
262,491,1
262,592,1
262,648,1
262,741,8
263,30,1
263,32,3
263,71,1
263,480,3
263,491,1
263,496,1
263,499,2
263,741,18
264,70,1
264,209,1
264,480,1
264,491,2
264,629,1
264,713,4
264,741,11
265,741,4
269,71,1
270,318,1
270,785,1
276,491,1
276,741,4
279,310,1
282,236,1
288,699,1
288,741,2
291,47,2
291,257,1
291,491,1
291,651,1
291,729,1
291,744,1
292,160,1
293,160,1
293,491,2
293,741,1
294,480,1
294,741,2
298,24,2
298,32,9
298,39,5
298,57,1
298,231,1
298,445,1
298,480,18
298,491,5
298,496,1
298,499,1
298,699,4
298,741,36
298,775,1
303,351,1
303,480,1
303,741,2
304,614,1
305,614,1
307,614,1
309,614,2
309,741,2
310,32,1
310,139,1
310,190,1
310,209,1
310,309,6
310,324,1
310,325,1
310,418,10
310,480,4
310,491,1
310,496,2
310,597,9
310,599,1
310,614,11
310,678,2
310,741,34
311,310,1
311,418,2
311,741,3
311,796,1
312,22,1
312,25,2
312,71,3
312,209,2
312,263,1
312,269,1
312,298,1
312,363,2
312,480,3
312,486,1
312,491,4
312,592,1
312,688,1
312,741,37
314,315,1
318,784,1
320,318,2
325,22,1
325,32,1
325,39,1
325,100,4
325,491,3
325,741,2
326,32,1
326,209,1
326,351,1
326,491,1
326,592,1
326,626,1
326,712,1
326,741,3
328,96,1
330,331,1
330,491,28
330,496,1
330,699,1
330,701,2
330,741,2
331,25,2
331,32,1
331,39,2
331,209,1
331,344,1
331,480,7
331,491,60
331,496,1
331,699,42
331,701,6
331,741,26
332,32,1
332,71,2
332,100,3
332,160,6
332,172,1
332,209,1
332,396,1
332,480,5
332,491,16
332,496,1
332,592,1
332,633,1
332,671,7
332,696,1
332,741,59
333,71,1
333,741,1
336,71,5
336,140,1
336,419,1
336,741,2
337,151,2
344,363,1
344,491,19
344,496,1
344,699,2
344,741,5
348,480,3
348,491,1
348,699,2
349,22,1
349,113,1
349,224,1
349,419,1
349,491,2
349,602,1
349,741,7
350,32,1
350,699,1
350,741,2
351,11,1
351,24,1
351,25,1
351,32,20
351,39,1
351,89,1
351,209,2
351,263,2
351,330,2
351,331,1
351,350,2
351,400,1
351,416,1
351,480,14
351,491,13
351,496,1
351,699,3
351,700,1
351,741,28
351,775,1
353,331,1
353,491,3
353,741,1
354,71,4
354,331,1
354,491,2
354,688,1
354,741,13
355,699,1
356,25,2
356,480,8
356,491,2
356,741,7
358,741,1
360,480,1
360,491,3
360,496,1
360,699,1
360,741,1
363,21,1
363,38,4
363,47,2
363,89,1
363,255,2
363,491,24
363,496,2
363,669,2
363,688,1
363,699,5
363,737,3
363,741,191
363,780,11
365,495,2
365,592,2
365,688,2
365,691,1
365,692,1
365,696,1
365,741,1
368,400,1
368,688,1
368,741,3
369,741,1
376,420,1
376,491,5
376,741,13
377,4,1
377,71,3
377,731,1
377,741,2
378,491,3
378,699,2
378,701,1
378,729,2
378,741,2
383,32,1
383,100,1
383,491,2
383,741,4
384,491,1
384,741,1
386,741,3
387,24,2
387,32,4
387,39,1
387,741,2
393,741,1
395,699,2
396,137,1
396,144,2
396,160,2
396,491,4
396,499,1
396,688,1
396,699,2
396,741,27
398,548,1
400,11,2
400,167,1
400,209,1
400,469,1
400,491,1
400,649,1
400,741,11
401,160,1
401,224,1
401,713,1
401,741,10
401,780,1
402,44,1
414,32,7
414,209,1
414,480,1
414,486,1
414,491,13
414,586,1
414,713,1
414,740,3
414,741,4
415,47,2
415,360,1
415,416,1
415,480,1
415,491,18
415,699,2
415,701,5
415,741,2
416,39,2
416,486,1
416,491,38
416,496,1
416,699,2
416,741,8
417,491,2
417,592,1
417,741,8
418,32,5
418,79,1
418,100,4
418,158,1
418,209,1
418,263,1
418,309,2
418,310,7
418,419,1
418,433,1
418,480,1
418,491,10
418,496,1
418,597,12
418,614,7
418,671,1
418,688,1
418,741,58
418,796,1
419,22,2
419,32,5
419,71,17
419,100,6
419,209,2
419,263,1
419,326,1
419,480,8
419,491,19
419,496,1
419,591,1
419,592,1
419,644,2
419,740,1
419,741,95
419,745,2
420,6,2
420,7,1
420,22,3
420,32,5
420,39,2
420,43,1
420,71,3
420,100,5
420,101,7
420,116,1
420,157,1
420,158,14
420,209,2
420,256,1
420,298,1
420,310,1
420,332,1
420,376,1
420,416,1
420,419,1
420,433,3
420,480,10
420,486,1
420,491,30
420,496,2
420,597,2
420,608,2
420,614,1
420,629,2
420,688,5
420,699,1
420,713,1
420,736,1
420,741,120
423,71,3
423,101,1
423,209,1
423,326,1
423,396,1
423,741,14
429,741,2
433,741,10
434,127,1
434,320,1
435,741,1
438,144,1
438,224,1
438,602,1
439,32,1
439,671,1
440,32,1
440,39,1
440,298,1
441,32,3
442,100,1
443,498,1
444,499,1
445,298,1
445,491,1
445,741,1
446,71,7
446,419,1
446,447,2
446,741,3
447,4,2
447,39,1
447,71,6
447,100,3
447,102,1
447,183,1
447,199,3
447,247,1
447,396,1
447,416,1
447,438,1
447,469,1
447,480,2
447,491,6
447,592,1
447,602,1
447,671,2
447,736,1
447,741,39
449,71,4
449,741,8
454,491,1
455,310,1
455,599,1
455,777,1
457,491,1
457,741,1
458,94,1
466,39,1
466,71,3
466,100,2
466,209,2
466,224,1
466,332,2
466,416,1
466,447,1
466,480,3
466,491,8
466,543,2
466,591,1
466,688,1
466,741,51
469,196,1
469,209,1
469,291,1
469,415,2
469,416,1
469,480,1
469,491,2
469,688,3
469,701,2
469,741,14
470,32,2
470,480,1
470,491,2
470,741,9
470,775,1
471,32,1
471,57,1
471,81,1
471,741,2
474,310,2
474,418,2
474,597,1
474,614,1
474,741,4
474,796,1
477,70,1
477,71,1
477,144,1
477,186,1
477,196,1
477,224,1
477,256,2
477,396,1
477,419,1
477,480,1
477,491,1
477,629,2
477,699,1
477,701,1
477,741,4
480,2,1
480,22,4
480,24,2
480,25,3
480,32,111
480,39,18
480,47,1
480,57,1
480,70,1
480,71,2
480,82,1
480,113,1
480,201,1
480,209,8
480,249,1
480,256,1
480,258,1
480,263,1
480,298,6
480,331,2
480,332,3
480,351,12
480,419,1
480,439,1
480,491,153
480,496,3
480,498,1
480,517,1
480,592,1
480,629,4
480,633,1
480,671,4
480,685,1
480,688,7
480,699,15
480,713,2
480,741,330
480,746,1
480,767,2
480,768,1
480,775,5
482,499,2
482,505,1
482,701,1
482,776,1
483,32,1
483,741,1
485,298,1
486,32,2
486,38,1
486,298,2
486,331,2
486,480,5
486,491,26
486,614,2
486,699,24
486,737,1
486,741,32
491,19,12
491,22,7
491,25,2
491,32,8
491,38,2
491,39,7
491,43,13
491,47,65
491,70,3
491,71,7
491,72,1
491,79,1
491,89,25
491,90,1
491,100,2
491,115,12
491,160,3
491,179,7
491,180,1
491,195,4
491,209,3
491,255,5
491,287,2
491,298,2
491,330,8
491,331,19
491,332,8
491,344,7
491,351,1
491,363,17
491,378,1
491,384,2
491,394,7
491,395,2
491,398,1
491,415,13
491,416,15
491,433,1
491,480,64
491,486,24
491,496,89
491,501,4
491,518,3
491,548,7
491,576,1
491,592,1
491,626,1
491,651,1
491,669,2
491,671,12
491,672,1
491,688,19
491,696,1
491,699,804
491,701,79
491,709,2
491,713,1
491,736,4
491,737,7
491,740,1
491,741,1766
491,780,11
495,27,1
495,209,1
495,383,3
495,480,1
495,491,2
495,592,1
495,691,5
495,696,3
495,741,15
496,22,1
496,32,5
496,39,1
496,263,1
496,331,1
496,416,1
496,445,1
496,480,7
496,486,1
496,491,21
496,501,1
496,699,8
496,741,40
497,39,1
497,212,1
497,480,1
497,491,3
497,614,1
497,699,3
497,741,6
498,257,1
498,443,1
498,482,1
498,499,1
498,517,1
498,776,9
499,90,1
499,298,1
499,480,1
499,491,1
499,498,1
499,505,3
499,741,5
499,776,2
501,137,1
501,209,1
501,263,1
501,332,1
501,394,1
501,396,1
501,491,20
501,497,1
501,741,75
505,498,1
505,741,1
509,320,1
509,623,1
510,741,5
512,741,1
515,491,2
515,741,3
516,236,1
516,480,1
516,491,1
516,671,2
516,741,4
517,498,2
517,775,1
517,776,1
518,71,2
518,480,1
518,491,7
518,741,8
519,741,1
526,741,1
531,39,1
531,491,3
531,741,7
532,310,1
539,363,1
539,741,1
541,291,1
541,776,1
543,447,1
543,491,1
543,671,2
543,741,6
545,5,1
545,71,2
545,419,1
545,741,7
546,491,3
546,737,1
547,741,1
548,491,3
548,699,5
550,574,1
553,94,1
561,94,1
561,309,1
561,310,1
561,574,2
562,310,1
571,304,3
574,94,3
574,561,2
575,310,1
576,491,5
586,17,1
586,491,2
587,24,1
587,32,5
587,491,2
587,699,1
587,741,6
589,741,1
591,79,1
591,332,1
591,491,2
591,741,2
592,32,1
592,43,2
592,57,1
592,71,4
592,79,1
592,100,2
592,111,1
592,209,1
592,235,1
592,332,2
592,396,1
592,433,1
592,491,8
592,626,1
592,656,1
592,688,4
592,692,3
592,699,6
592,713,1
592,741,73
597,99,1
597,310,2
597,418,4
597,491,2
597,614,4
597,741,14
598,573,1
601,741,1
602,144,1
602,224,1
602,741,2
603,640,1
605,491,1
605,741,1
606,416,1
606,491,1
606,741,2
608,32,1
608,491,2
608,741,13
610,416,1
610,741,1
614,32,1
614,139,1
614,310,3
614,418,5
614,454,1
614,491,2
614,597,2
614,613,2
614,740,1
614,741,13
615,310,1
615,597,1
615,614,1
615,678,2
615,741,3
615,796,1
621,71,3
621,199,1
621,333,1
621,419,1
621,741,4
622,5,2
622,32,2
622,71,3
622,100,1
622,419,3
622,480,1
622,644,2
622,741,2
622,775,1
623,320,1
624,77,1
624,499,1
624,698,1
624,776,2
625,324,1
626,22,1
626,32,1
626,38,1
626,70,1
626,71,2
626,363,10
626,447,1
626,480,3
626,491,16
626,592,1
626,629,1
626,741,68
629,32,3
629,70,2
629,158,1
629,203,1
629,224,1
629,263,1
629,298,1
629,332,1
629,416,1
629,480,14
629,491,3
629,498,1
629,651,1
629,657,1
629,688,1
629,692,2
629,741,53
632,480,1
632,491,4
632,741,2
633,22,1
633,32,10
633,39,1
633,209,2
633,480,1
633,491,3
633,632,2
633,699,1
633,741,5
643,634,1
644,71,6
644,419,1
644,433,1
644,491,1
644,688,1
644,741,8
647,71,6
647,419,1
647,741,5
648,491,1
648,741,4
649,1,1
649,32,5
649,70,1
649,298,1
649,480,4
649,491,1
649,651,1
649,741,11
650,480,1
650,491,2
650,741,2
651,32,1
651,71,1
651,351,1
651,386,1
651,396,1
651,420,1
651,480,6
651,629,2
651,676,1
651,741,11
652,39,2
652,741,1
653,72,1
653,180,1
653,491,1
653,741,4
654,572,1
655,62,1
655,765,1
656,70,1
656,71,1
656,741,3
657,741,5
661,101,1
661,113,1
661,209,1
661,312,1
661,741,14
662,71,1
662,736,1
664,501,1
664,671,1
664,741,10
667,319,1
669,32,4
669,38,1
669,100,10
669,255,3
669,363,23
669,420,4
669,480,7
669,491,7
669,699,1
669,741,61
669,780,3
671,32,1
671,38,7
671,183,1
671,212,1
671,255,2
671,298,1
671,332,1
671,363,1
671,466,1
671,480,4
671,491,109
671,496,2
671,699,13
671,737,2
671,741,162
672,363,1
672,491,2
672,688,1
672,699,1
672,741,3
673,184,1
676,491,3
676,741,5
676,775,1
678,32,1
678,209,2
678,297,1
678,309,2
678,310,1
678,419,2
678,491,1
678,496,2
678,614,1
678,741,23
681,2,1
681,32,6
681,351,1
681,480,3
681,741,4
682,32,1
682,491,1
682,741,2
683,71,1
683,332,1
683,469,1
683,741,1
685,71,1
685,480,1
685,491,1
685,741,5
686,160,1
686,255,1
686,396,1
686,491,1
686,741,4
687,63,1
687,232,1
687,233,1
688,71,3
688,100,2
688,196,1
688,224,1
688,255,1
688,416,1
688,420,1
688,433,1
688,469,1
688,480,12
688,491,85
688,592,1
688,597,1
688,614,2
688,671,1
688,691,2
688,692,19
688,699,7
688,708,2
688,713,1
688,731,12
688,741,133
689,71,1
689,491,1
689,699,1
689,741,2
691,100,1
691,491,1
691,592,1
691,741,13
692,32,1
692,71,3
692,111,1
692,332,1
692,416,1
692,471,1
692,491,5
692,688,55
692,731,5
692,741,43
693,236,1
693,491,5
693,741,1
696,32,1
696,79,1
696,298,1
696,363,7
696,466,1
696,480,1
696,491,9
696,671,1
696,699,1
696,741,25
697,698,1
698,498,1
698,776,2
699,19,5
699,38,1
699,39,4
699,47,22
699,89,15
699,179,3
699,209,1
699,298,1
699,331,1
699,351,3
699,363,2
699,394,13
699,398,2
699,415,2
699,480,24
699,486,10
699,491,661
699,496,27
699,548,3
699,688,1
699,700,2
699,701,56
699,737,4
699,740,4
699,741,296
700,39,1
700,480,1
700,482,1
700,491,11
700,496,1
700,699,8
700,741,4
701,47,9
701,70,2
701,71,2
701,180,1
701,209,1
701,351,1
701,363,1
701,378,2
701,396,1
701,415,1
701,420,1
701,486,5
701,491,114
701,496,3
701,548,2
701,626,1
701,671,1
701,688,2
701,699,95
701,729,3
701,737,2
701,741,58
701,767,1
708,469,1
708,688,3
708,731,1
708,741,1
709,491,1
709,496,1
709,741,1
712,32,4
712,39,1
712,491,1
712,741,5
713,100,1
713,264,1
713,480,1
713,491,12
713,671,1
713,741,21
714,498,2
714,776,1
715,320,1
715,434,1
716,211,1
716,491,1
720,491,2
720,699,2
722,5,1
722,32,3
722,351,1
722,491,2
727,111,1
727,741,2
728,614,1
731,688,4
731,741,4
735,32,1
735,39,1
735,491,6
735,700,1
735,741,10
736,71,2
736,79,1
736,480,1
736,491,58
736,699,5
736,700,1
736,741,9
737,38,2
737,39,1
737,100,1
737,255,1
737,331,2
737,363,18
737,491,17
737,496,1
737,669,1
737,699,5
737,741,47
740,32,3
740,89,1
740,298,1
740,419,2
740,486,4
740,491,27
740,496,5
740,629,1
740,633,1
740,699,2
740,713,3
740,741,16
740,746,1
741,4,2
741,5,3
741,6,1
741,22,32
741,27,1
741,29,1
741,32,64
741,38,18
741,39,6
741,43,24
741,47,6
741,57,4
741,70,10
741,71,207
741,72,6
741,79,2
741,82,2
741,86,1
741,89,10
741,99,1
741,100,96
741,101,1
741,108,1
741,111,1
741,113,3
741,115,3
741,116,1
741,137,3
741,140,1
741,144,7
741,157,2
741,158,3
741,160,8
741,167,1
741,173,1
741,181,6
741,182,5
741,186,1
741,196,3
741,199,2
741,201,2
741,209,25
741,212,1
741,224,7
741,247,9
741,255,8
741,256,6
741,263,5
741,264,4
741,273,2
741,310,3
741,311,2
741,312,1
741,326,1
741,331,4
741,332,46
741,344,2
741,351,3
741,363,273
741,376,1
741,378,2
741,383,1
741,384,2
741,386,3
741,394,1
741,396,16
741,400,1
741,415,2
741,416,14
741,418,6
741,419,27
741,420,14
741,433,11
741,438,1
741,447,10
741,449,1
741,452,1
741,466,7
741,468,1
741,469,9
741,471,1
741,480,193
741,486,13
741,491,2410
741,495,2
741,496,88
741,501,30
741,510,8
741,518,2
741,519,1
741,539,1
741,540,1
741,548,1
741,576,1
741,592,16
741,597,4
741,602,2
741,614,5
741,615,1
741,621,2
741,622,3
741,626,40
741,629,4
741,644,1
741,649,3
741,650,2
741,651,4
741,669,5
741,671,74
741,672,6
741,678,1
741,686,2
741,688,75
741,689,1
741,692,5
741,696,1
741,699,451
741,700,2
741,701,32
741,708,1
741,709,1
741,712,1
741,713,10
741,729,2
741,731,3
741,735,1
741,736,8
741,737,21
741,740,7
741,767,1
741,775,4
741,780,16
741,792,1
741,794,3
744,47,1
744,491,5
744,741,3
745,71,4
745,741,4
746,22,1
746,32,1
746,71,2
746,172,1
746,263,1
746,298,1
746,471,1
746,480,2
746,491,5
746,626,3
746,741,21
754,32,2
754,491,1
754,699,1
754,741,1
755,416,1
755,491,7
762,741,1
766,320,1
767,38,1
767,182,1
767,209,1
767,331,1
767,351,1
767,480,5
767,486,1
767,491,5
767,688,1
767,699,7
767,701,2
767,741,9
768,22,1
768,32,5
768,39,1
768,89,1
768,209,3
768,298,1
768,351,2
768,480,3
768,491,5
768,699,4
768,741,6
775,1,1
775,24,1
775,32,23
775,39,1
775,112,2
775,209,2
775,366,1
775,480,6
775,491,4
775,496,1
775,499,1
775,699,1
775,741,7
775,776,2
776,112,1
776,498,5
776,741,1
778,491,5
780,25,1
780,100,1
780,326,1
780,363,20
780,416,1
780,491,9
780,669,3
780,699,2
780,737,1
780,741,47
782,696,1
782,699,1
783,257,1
784,270,1
785,270,1
787,491,1
787,741,4
792,224,1
792,602,1
792,741,2
796,310,3
796,418,2
796,491,1
796,614,1
796,688,1
796,699,1
796,741,3
